{
  "formatVersion": 1,
  "database": {
    "version": 3,
    "identityHash": "4cddc67715bf274c83c6f671b9ec8e5c",
    "entities": [
      {
        "tableName": "notes",
        "createSql": "CREATE TABLE IF NOT EXISTS `${TABLE_NAME}` (`title` TEXT NOT NULL, `content` TEXT NOT NULL, `created_date` INTEGER NOT NULL, `updated_date` INTEGER NOT NULL, `pinned` INTEGER NOT NULL, `folder_id` INTEGER, `id` INTEGER PRIMARY KEY AUTOINCREMENT NOT NULL, FOREIGN KEY(`folder_id`) REFERENCES `note_folders`(`id`) ON UPDATE NO ACTION ON DELETE CASCADE )",
        "fields": [
          {
            "fieldPath": "title",
            "columnName": "title",
            "affinity": "TEXT",
            "notNull": true
          },
          {
            "fieldPath": "content",
            "columnName": "content",
            "affinity": "TEXT",
            "notNull": true
          },
          {
            "fieldPath": "createdDate",
            "columnName": "created_date",
            "affinity": "INTEGER",
            "notNull": true
          },
          {
            "fieldPath": "updatedDate",
            "columnName": "updated_date",
            "affinity": "INTEGER",
            "notNull": true
          },
          {
            "fieldPath": "pinned",
            "columnName": "pinned",
            "affinity": "INTEGER",
            "notNull": true
          },
          {
            "fieldPath": "folderId",
            "columnName": "folder_id",
            "affinity": "INTEGER",
            "notNull": false
          },
          {
            "fieldPath": "id",
            "columnName": "id",
            "affinity": "INTEGER",
            "notNull": true
          }
        ],
        "primaryKey": {
          "autoGenerate": true,
          "columnNames": [
            "id"
          ]
        },
        "indices": [],
        "foreignKeys": [
          {
            "table": "note_folders",
            "onDelete": "CASCADE",
            "onUpdate": "NO ACTION",
            "columns": [
              "folder_id"
            ],
            "referencedColumns": [
              "id"
            ]
          }
        ]
      },
      {
        "tableName": "tasks",
        "createSql": "CREATE TABLE IF NOT EXISTS `${TABLE_NAME}` (`title` TEXT NOT NULL, `description` TEXT NOT NULL, `is_completed` INTEGER NOT NULL, `priority` INTEGER NOT NULL, `created_date` INTEGER NOT NULL, `updated_date` INTEGER NOT NULL, `sub_tasks` TEXT NOT NULL, `dueDate` INTEGER NOT NULL, `recurring` INTEGER NOT NULL, `frequency` INTEGER NOT NULL, `id` INTEGER PRIMARY KEY AUTOINCREMENT NOT NULL)",
        "fields": [
          {
            "fieldPath": "title",
            "columnName": "title",
            "affinity": "TEXT",
            "notNull": true
          },
          {
            "fieldPath": "description",
            "columnName": "description",
            "affinity": "TEXT",
            "notNull": true
          },
          {
            "fieldPath": "isCompleted",
            "columnName": "is_completed",
            "affinity": "INTEGER",
            "notNull": true
          },
          {
            "fieldPath": "priority",
            "columnName": "priority",
            "affinity": "INTEGER",
            "notNull": true
          },
          {
            "fieldPath": "createdDate",
            "columnName": "created_date",
            "affinity": "INTEGER",
            "notNull": true
          },
          {
            "fieldPath": "updatedDate",
            "columnName": "updated_date",
            "affinity": "INTEGER",
            "notNull": true
          },
          {
            "fieldPath": "subTasks",
            "columnName": "sub_tasks",
            "affinity": "TEXT",
            "notNull": true
          },
          {
            "fieldPath": "dueDate",
            "columnName": "dueDate",
            "affinity": "INTEGER",
            "notNull": true
          },
          {
            "fieldPath": "recurring",
            "columnName": "recurring",
            "affinity": "INTEGER",
            "notNull": true
          },
          {
            "fieldPath": "frequency",
            "columnName": "frequency",
            "affinity": "INTEGER",
            "notNull": true
          },
          {
            "fieldPath": "id",
            "columnName": "id",
            "affinity": "INTEGER",
            "notNull": true
          }
        ],
        "primaryKey": {
          "autoGenerate": true,
          "columnNames": [
            "id"
          ]
        },
        "indices": [],
        "foreignKeys": []
      },
      {
        "tableName": "diary",
        "createSql": "CREATE TABLE IF NOT EXISTS `${TABLE_NAME}` (`title` TEXT NOT NULL, `content` TEXT NOT NULL, `created_date` INTEGER NOT NULL, `updated_date` INTEGER NOT NULL, `mood` INTEGER NOT NULL, `id` INTEGER PRIMARY KEY AUTOINCREMENT NOT NULL)",
        "fields": [
          {
            "fieldPath": "title",
            "columnName": "title",
            "affinity": "TEXT",
            "notNull": true
          },
          {
            "fieldPath": "content",
            "columnName": "content",
            "affinity": "TEXT",
            "notNull": true
          },
          {
            "fieldPath": "createdDate",
            "columnName": "created_date",
            "affinity": "INTEGER",
            "notNull": true
          },
          {
            "fieldPath": "updatedDate",
            "columnName": "updated_date",
            "affinity": "INTEGER",
            "notNull": true
          },
          {
            "fieldPath": "mood",
            "columnName": "mood",
            "affinity": "INTEGER",
            "notNull": true
          },
          {
            "fieldPath": "id",
            "columnName": "id",
            "affinity": "INTEGER",
            "notNull": true
          }
        ],
        "primaryKey": {
          "autoGenerate": true,
          "columnNames": [
            "id"
          ]
        },
        "indices": [],
        "foreignKeys": []
      },
      {
        "tableName": "bookmarks",
        "createSql": "CREATE TABLE IF NOT EXISTS `${TABLE_NAME}` (`url` TEXT NOT NULL, `title` TEXT NOT NULL, `description` TEXT NOT NULL, `created_date` INTEGER NOT NULL, `updated_date` INTEGER NOT NULL, `id` INTEGER PRIMARY KEY AUTOINCREMENT NOT NULL)",
        "fields": [
          {
            "fieldPath": "url",
            "columnName": "url",
            "affinity": "TEXT",
            "notNull": true
          },
          {
            "fieldPath": "title",
            "columnName": "title",
            "affinity": "TEXT",
            "notNull": true
          },
          {
            "fieldPath": "description",
            "columnName": "description",
            "affinity": "TEXT",
            "notNull": true
          },
          {
            "fieldPath": "createdDate",
            "columnName": "created_date",
            "affinity": "INTEGER",
            "notNull": true
          },
          {
            "fieldPath": "updatedDate",
            "columnName": "updated_date",
            "affinity": "INTEGER",
            "notNull": true
          },
          {
            "fieldPath": "id",
            "columnName": "id",
            "affinity": "INTEGER",
            "notNull": true
          }
        ],
        "primaryKey": {
          "autoGenerate": true,
          "columnNames": [
            "id"
          ]
        },
        "indices": [],
        "foreignKeys": []
      },
      {
        "tableName": "alarms",
        "createSql": "CREATE TABLE IF NOT EXISTS `${TABLE_NAME}` (`id` INTEGER NOT NULL, `time` INTEGER NOT NULL, PRIMARY KEY(`id`))",
        "fields": [
          {
            "fieldPath": "id",
            "columnName": "id",
            "affinity": "INTEGER",
            "notNull": true
          },
          {
            "fieldPath": "time",
            "columnName": "time",
            "affinity": "INTEGER",
            "notNull": true
          }
        ],
        "primaryKey": {
          "autoGenerate": false,
          "columnNames": [
            "id"
          ]
        },
        "indices": [],
        "foreignKeys": []
      },
      {
        "tableName": "note_folders",
        "createSql": "CREATE TABLE IF NOT EXISTS `${TABLE_NAME}` (`name` TEXT NOT NULL, `id` INTEGER PRIMARY KEY AUTOINCREMENT NOT NULL)",
        "fields": [
          {
            "fieldPath": "name",
            "columnName": "name",
            "affinity": "TEXT",
            "notNull": true
          },
          {
            "fieldPath": "id",
            "columnName": "id",
            "affinity": "INTEGER",
            "notNull": true
          }
        ],
        "primaryKey": {
          "autoGenerate": true,
          "columnNames": [
            "id"
          ]
        },
        "indices": [],
        "foreignKeys": []
      }
    ],
    "views": [],
    "setupQueries": [
      "CREATE TABLE IF NOT EXISTS room_master_table (id INTEGER PRIMARY KEY,identity_hash TEXT)",
      "INSERT OR REPLACE INTO room_master_table (id,identity_hash) VALUES(42, '4cddc67715bf274c83c6f671b9ec8e5c')"
    ]
  }
}